<?xml version="1.0" encoding="UTF-8"?>
<beans xmlns="http://www.springframework.org/schema/beans"
	xmlns:xsi="http://www.w3.org/2001/XMLSchema-instance"
	xsi:schemaLocation="http://www.springframework.org/schema/beans https://www.springframework.org/schema/beans/spring-beans.xsd">
	
	<!-- Root Context: defines shared resources visible to all other web components -->
		    <!-- Root Context: defines shared resources visible to all other web components -->
    <!-- 자신의 PC(로컬)에 MySql을 설치했을 경우 -->
    <bean id="dataSource"
        class="org.springframework.jdbc.datasource.DriverManagerDataSource">
        <property name="driverClassName" value="com.mysql.cj.jdbc.Driver"></property>
        <property name="url"
            value="jdbc:mysql://127.0.0.1:3306/스키마이름?useSSL=false&amp;serverTimezone=UTC">
        </property>
        <property name="username" value="사용자DB이름"></property>
        <property name="password" value="사용자DB패스워드"></property>
    </bean>   
</beans>
